Publication,Cohort,Title,Link 
PW,Class 10,Class 10 Science,https://www.amazon.in/Question-Chapter-wise-Topic-wise-Questions-Competency/dp/9378184472/ref=sr_1_3?crid=17LIRGWRW6MC4&dib=eyJ2IjoiMSJ9.h35CKUyFdijpwCGuOd6RMNbdwOMIE60yTpDQlgA28ksScHD-3OyQsVUbK0D7guhKfWZQvc4QTpg8xXCwNN-SmQOaftbrMM3-yNZ84zpKJdOI_0Uz78-sFxpmVqmts_bRoW3aYWIdOpEyDwDG3mkwn38qrxNPnsZtW2xI5hGYjn7AqrXdWOL1dzBFYkGUFOoz6THR2jFBU5KtQZQa0brMvwH7J4GZcDfLTGlpl0nDv-s.4F_aQJMEhxiffX9c59SCCZcGci243ePhJLvGllFrlXQ&dib_tag=se&keywords=class+10+qcb+pw&qid=1776409692&s=books&sprefix=class+10+qcb+pw%2Cstripbooks%2C371&sr=1-3
PW,Class 10,Class 10 Maths (Standard) ,https://www.amazon.in/Question-Chapter-wise-Topic-wise-Questions-Competency/dp/9378186599/ref=sr_1_4?crid=17LIRGWRW6MC4&dib=eyJ2IjoiMSJ9.h35CKUyFdijpwCGuOd6RMNbdwOMIE60yTpDQlgA28ksScHD-3OyQsVUbK0D7guhKfWZQvc4QTpg8xXCwNN-SmQOaftbrMM3-yNZ84zpKJdOI_0Uz78-sFxpmVqmts_bRoW3aYWIdOpEyDwDG3mkwn38qrxNPnsZtW2xI5hGYjn7AqrXdWOL1dzBFYkGUFOoz6THR2jFBU5KtQZQa0brMvwH7J4GZcDfLTGlpl0nDv-s.4F_aQJMEhxiffX9c59SCCZcGci243ePhJLvGllFrlXQ&dib_tag=se&keywords=class+10+qcb+pw&qid=1776409692&s=books&sprefix=class+10+qcb+pw%2Cstripbooks%2C371&sr=1-4
PW,Class 10,Class 10 Basic Maths,https://www.amazon.in/Question-Chapter-wise-Topic-wise-Questions-Competency/dp/9378184715/ref=sr_1_5?crid=17LIRGWRW6MC4&dib=eyJ2IjoiMSJ9.h35CKUyFdijpwCGuOd6RMNbdwOMIE60yTpDQlgA28ksScHD-3OyQsVUbK0D7guhKfWZQvc4QTpg8xXCwNN-SmQOaftbrMM3-yNZ84zpKJdOI_0Uz78-sFxpmVqmts_bRoW3aYWIdOpEyDwDG3mkwn38qrxNPnsZtW2xI5hGYjn7AqrXdWOL1dzBFYkGUFOoz6THR2jFBU5KtQZQa0brMvwH7J4GZcDfLTGlpl0nDv-s.4F_aQJMEhxiffX9c59SCCZcGci243ePhJLvGllFrlXQ&dib_tag=se&keywords=class+10+qcb+pw&qid=1776409692&s=books&sprefix=class+10+qcb+pw%2Cstripbooks%2C371&sr=1-5
PW,Class 10,Class 10 Social Science,https://www.amazon.in/Question-Chapter-wise-Topic-wise-Questions-Competency/dp/9378188508/ref=sr_1_6?crid=17LIRGWRW6MC4&dib=eyJ2IjoiMSJ9.h35CKUyFdijpwCGuOd6RMNbdwOMIE60yTpDQlgA28ksScHD-3OyQsVUbK0D7guhKfWZQvc4QTpg8xXCwNN-SmQOaftbrMM3-yNZ84zpKJdOI_0Uz78-sFxpmVqmts_bRoW3aYWIdOpEyDwDG3mkwn38qrxNPnsZtW2xI5hGYjn7AqrXdWOL1dzBFYkGUFOoz6THR2jFBU5KtQZQa0brMvwH7J4GZcDfLTGlpl0nDv-s.4F_aQJMEhxiffX9c59SCCZcGci243ePhJLvGllFrlXQ&dib_tag=se&keywords=class+10+qcb+pw&qid=1776409692&s=books&sprefix=class+10+qcb+pw%2Cstripbooks%2C371&sr=1-6
PW,Class 10,Class 10 English Language & Literature,https://www.amazon.in/Literature-Chapter-wise-Topic-wise-Questions-Competency/dp/9378181481/ref=sr_1_8?crid=17LIRGWRW6MC4&dib=eyJ2IjoiMSJ9.h35CKUyFdijpwCGuOd6RMNbdwOMIE60yTpDQlgA28ksScHD-3OyQsVUbK0D7guhKfWZQvc4QTpg8xXCwNN-SmQOaftbrMM3-yNZ84zpKJdOI_0Uz78-sFxpmVqmts_bRoW3aYWIdOpEyDwDG3mkwn38qrxNPnsZtW2xI5hGYjn7AqrXdWOL1dzBFYkGUFOoz6THR2jFBU5KtQZQa0brMvwH7J4GZcDfLTGlpl0nDv-s.4F_aQJMEhxiffX9c59SCCZcGci243ePhJLvGllFrlXQ&dib_tag=se&keywords=class+10+qcb+pw&qid=1776409692&s=books&sprefix=class+10+qcb+pw%2Cstripbooks%2C371&sr=1-8
PW,Class 10,CBSE Class 10 PYQs - Past 10 Years,https://www.amazon.in/PW-CBSE-Class-PYQs-References/dp/9378185142/ref=sr_1_16?crid=17LIRGWRW6MC4&dib=eyJ2IjoiMSJ9.h35CKUyFdijpwCGuOd6RMNbdwOMIE60yTpDQlgA28ksScHD-3OyQsVUbK0D7guhKfWZQvc4QTpg8xXCwNN-SmQOaftbrMM3-yNZ84zpKJdOI_0Uz78-sFxpmVqmts_bRoW3aYWIdOpEyDwDG3mkwn38qrxNPnsZtW2xI5hGYjn7AqrXdWOL1dzBFYkGUFOoz6THR2jFBU5KtQZQa0brMvwH7J4GZcDfLTGlpl0nDv-s.4F_aQJMEhxiffX9c59SCCZcGci243ePhJLvGllFrlXQ&dib_tag=se&keywords=class+10+qcb+pw&qid=1776409692&s=books&sprefix=class+10+qcb+pw%2Cstripbooks%2C371&sr=1-16
PW,Class  11,"Class 11 Question & Concept Bank (QCB) Physics, Chemistry, Biology Combo Set of 3 Books",https://www.amazon.in/Chemistry-Chapter-wise-Topic-wise-Questions-Competency/dp/9378181066/ref=sr_1_3?crid=1YOZ41NRPHXP9&dib=eyJ2IjoiMSJ9.xD01ky2q0mVZAi7RyH6DhZLvqpvAPRzqCzR62XrKyteaADDm0qtK_8GxZPTVZHqtduVDczUvgKe9hAWbpUa2b_loHQSBqyEt-oo1pXKxpoL4cLecIj-U1yCZmNgVSybBlAZcY27JM2OGZf87iSgbOVxxZP8xkRI-tWXBeg7bs7oP8-huzZSp9TuNUXqer5QT4tH2QiqB2jI3EQEP8dn0gfRe7oOmZtqCWFm3Iy2gd9Y.INJQp1FJzBzYZxAbIxRW4v0oFD3INqL45MB2xt-daiQ&dib_tag=se&keywords=class+11+qcb+pw&qid=1776409870&s=books&sprefix=class+1+qcb+pw%2Cstripbooks%2C379&sr=1-3
PW,Class  11,"CBSE Class 11 Question & Concept Bank (QCB) Physics, Chemistry, Maths Combo Set of 3 Books ",https://www.amazon.in/Chemistry-Chapter-wise-Topic-wise-Questions-Competency/dp/9378181511/ref=sr_1_4?crid=1YOZ41NRPHXP9&dib=eyJ2IjoiMSJ9.xD01ky2q0mVZAi7RyH6DhZLvqpvAPRzqCzR62XrKyteaADDm0qtK_8GxZPTVZHqtduVDczUvgKe9hAWbpUa2b_loHQSBqyEt-oo1pXKxpoL4cLecIj-U1yCZmNgVSybBlAZcY27JM2OGZf87iSgbOVxxZP8xkRI-tWXBeg7bs7oP8-huzZSp9TuNUXqer5QT4tH2QiqB2jI3EQEP8dn0gfRe7oOmZtqCWFm3Iy2gd9Y.INJQp1FJzBzYZxAbIxRW4v0oFD3INqL45MB2xt-daiQ&dib_tag=se&keywords=class+11+qcb+pw&qid=1776409870&s=books&sprefix=class+1+qcb+pw%2Cstripbooks%2C379&sr=1-4
PW,Class  11,Class 11 Question & Concept Bank (QCB) Mathematics ,https://www.amazon.in/Mathematics-Chapter-wise-Topic-wise-Questions-Competency/dp/9378184103/ref=sr_1_7?crid=1YOZ41NRPHXP9&dib=eyJ2IjoiMSJ9.xD01ky2q0mVZAi7RyH6DhZLvqpvAPRzqCzR62XrKyteaADDm0qtK_8GxZPTVZHqtduVDczUvgKe9hAWbpUa2b_loHQSBqyEt-oo1pXKxpoL4cLecIj-U1yCZmNgVSybBlAZcY27JM2OGZf87iSgbOVxxZP8xkRI-tWXBeg7bs7oP8-huzZSp9TuNUXqer5QT4tH2QiqB2jI3EQEP8dn0gfRe7oOmZtqCWFm3Iy2gd9Y.INJQp1FJzBzYZxAbIxRW4v0oFD3INqL45MB2xt-daiQ&dib_tag=se&keywords=class+11+qcb+pw&qid=1776409870&s=books&sprefix=class+1+qcb+pw%2Cstripbooks%2C379&sr=1-7
PW,Class  11,Class 11 Question & Concept Bank (QCB) Biology,https://www.amazon.in/Question-Chapter-wise-Topic-wise-Questions-Competency/dp/9378182615/ref=sr_1_14?crid=1YOZ41NRPHXP9&dib=eyJ2IjoiMSJ9.xD01ky2q0mVZAi7RyH6DhZLvqpvAPRzqCzR62XrKyteaADDm0qtK_8GxZPTVZHqtduVDczUvgKe9hAWbpUa2b_loHQSBqyEt-oo1pXKxpoL4cLecIj-U1yCZmNgVSybBlAZcY27JM2OGZf87iSgbOVxxZP8xkRI-tWXBeg7bs7oP8-huzZSp9TuNUXqer5QT4tH2QiqB2jI3EQEP8dn0gfRe7oOmZtqCWFm3Iy2gd9Y.INJQp1FJzBzYZxAbIxRW4v0oFD3INqL45MB2xt-daiQ&dib_tag=se&keywords=class+11+qcb+pw&qid=1776409870&s=books&sprefix=class+1+qcb+pw%2Cstripbooks%2C379&sr=1-14
PW,Class  11,Class 11 Question & Concept Bank (QCB) Physics,https://www.amazon.in/Question-Chapter-wise-Topic-wise-Questions-Competency/dp/9378187250/ref=sr_1_1?crid=1ABIBH8C50GNQ&dib=eyJ2IjoiMSJ9.tw7z8tzJeYDJkqeApkvHvQ.a_QZJ9oy_CZ7iiZQfEJyFgV32JL0C7LBTr3te5N4P6g&dib_tag=se&keywords=9789378187254&qid=1776413183&s=books&sprefix=class+11+question+bank+oswaal%2Cstripbooks%2C391&sr=1-1
PW,Class  11,Class 11 Question & Concept Bank (QCB) Chemistry ,https://www.amazon.in/Chemistry-Chapter-wise-Topic-wise-Questions-Competency/dp/937818359X/ref=sr_1_7?crid=2K5DMJL9LKSIO&dib=eyJ2IjoiMSJ9.sY0QJsKwAIHqfGHKMSbIII3YSsuccaXzrITm_uqt4VEgdpCLQB5FAEQHO556YYmYUTTUhnC5cpHWlRH3l-tj19xbyd4oZb94qc4pRQSfapIuzXPJXfTYw9M6m32CnnSf0LF8bQoIdNtaFWpm9stf8rPhYQmhj7TiD0IasBUEofh8xsLmEny-M5czH-AKIV9N3oFBR1-kXNxEfBgjjqEyE8Q1bgCMh2DNefXjPEndXlA.vmn5VPnPKLxfl7ta_ARhczsepLM26Nyk02mvxjpQ34M&dib_tag=se&keywords=class+11+question+bank+pw+physics&qid=1776410044&s=books&sprefix=class+11+question+bank+pw+physic%2Cstripbooks%2C368&sr=1-7
Educart,Class  11,CBSE Class 11 Mathematics Question Bank,https://www.amazon.in/Educart-Mathematics-Question-Strictly-Syllabus/dp/937516604X/ref=sr_1_22_sspa?crid=2K5DMJL9LKSIO&dib=eyJ2IjoiMSJ9.sY0QJsKwAIHqfGHKMSbIII3YSsuccaXzrITm_uqt4VHU7dEejVbD1JP5XHnPtbhJA1dz1aCxcUz7AFh7DsBn_nZueUD1KcC5MNjLWxuCsjoLqmiDFrncqVlzapaRSEQuiGEmjAnFhSEN3cB1qyqVrrUF8pGau7ZZiYn4RBlNhGRyrRb1hLtBYPXQrsXxF6653oFBR1-kXNxEfBgjjqEyE47YbUoDE1Wxl9PljgLdk8U.bu1WPAQTf_bm3VQgKcmmhYvkNJJRHm8Iz5OAftQEvFc&dib_tag=se&keywords=class+11+question+bank+pw+physics&qid=1776410145&s=books&sprefix=class+11+question+bank+pw+physic%2Cstripbooks%2C368&sr=1-22-spons&xpid=R70AKdfOuenQi&aref=KZONMpdR9d&sp_csd=d2lkZ2V0TmFtZT1zcF9idGY&psc=1
Educart,Class  11,CBSE Class 11 Chemistry Question Bank,https://www.amazon.in/Educart-Chemistry-Question-Strictly-Syllabus/dp/9375166759/ref=sr_1_17_sspa?crid=2K5DMJL9LKSIO&dib=eyJ2IjoiMSJ9.pxNVVC7zUHGzBduFYkPRLRbSwyeFGjO2WEEj8Z9B_2Hk0Oxo1Vy-FMrp6OgCQHEwsLIstKlC35-YUsbtzJPqWlWG6rqjeuIKpL5Hg6GFrUTSJ41CdwPceRrUt_hqdxKDLAgecFeSCRk7ipkuUV4zJ7c1b4CEmJ-Q8gpTsGs2Ait2ZOKj4EZiKxMsM4mEc9ZqUF3aQobG43eYxaqu7J_-b8cgN0a_q4JhvPQqUrBYAMo.wIA3-obeYdUzFxfg1DUJADPEA5cKaN1x3gpC6khgV-c&dib_tag=se&keywords=class+11+question+bank+pw+physics&qid=1776411065&s=books&sprefix=class+11+question+bank+pw+physic%2Cstripbooks%2C368&sr=1-17-spons&xpid=R70AKdfOuenQi&aref=Vt9b6SyiH7&sp_csd=d2lkZ2V0TmFtZT1zcF9hdGZfbmV4dA&psc=1
Educart,Class  11,Class 11 English Core Question Bank ,https://www.amazon.in/Educart-English-Question-Strictly-Syllabus/dp/9375162435/ref=sr_1_18_sspa?crid=2K5DMJL9LKSIO&dib=eyJ2IjoiMSJ9.pxNVVC7zUHGzBduFYkPRLRbSwyeFGjO2WEEj8Z9B_2Hk0Oxo1Vy-FMrp6OgCQHEwsLIstKlC35-YUsbtzJPqWlWG6rqjeuIKpL5Hg6GFrUTSJ41CdwPceRrUt_hqdxKDLAgecFeSCRk7ipkuUV4zJ7c1b4CEmJ-Q8gpTsGs2Ait2ZOKj4EZiKxMsM4mEc9ZqUF3aQobG43eYxaqu7J_-b8cgN0a_q4JhvPQqUrBYAMo.wIA3-obeYdUzFxfg1DUJADPEA5cKaN1x3gpC6khgV-c&dib_tag=se&keywords=class+11+question+bank+pw+physics&qid=1776411065&s=books&sprefix=class+11+question+bank+pw+physic%2Cstripbooks%2C368&sr=1-18-spons&xpid=R70AKdfOuenQi&aref=fOQ7W4oJsJ&sp_csd=d2lkZ2V0TmFtZT1zcF9hdGZfbmV4dA&psc=1
Educart,Class  11,Class 11 Biology Question Bank ,https://www.amazon.in/Educart-Biology-Question-Strictly-Syllabus/dp/9375169669/ref=sr_1_28_sspa?crid=2K5DMJL9LKSIO&dib=eyJ2IjoiMSJ9.pxNVVC7zUHGzBduFYkPRLRbSwyeFGjO2WEEj8Z9B_2Hk0Oxo1Vy-FMrp6OgCQHEwsLIstKlC35-YUsbtzJPqWlWG6rqjeuIKpL5Hg6GFrUTSJ41CdwPceRrUt_hqdxKDLAgecFeSCRk7ipkuUV4zJ7c1b4CEmJ-Q8gpTsGs2Ait2ZOKj4EZiKxMsM4mEc9ZqUF3aQobG43eYxaqu7J_-b8cgN0a_q4JhvPQqUrBYAMo.wIA3-obeYdUzFxfg1DUJADPEA5cKaN1x3gpC6khgV-c&dib_tag=se&keywords=class+11+question+bank+pw+physics&qid=1776411065&s=books&sprefix=class+11+question+bank+pw+physic%2Cstripbooks%2C368&sr=1-28-spons&xpid=R70AKdfOuenQi&aref=ky3rm439oT&sp_csd=d2lkZ2V0TmFtZT1zcF9tdGY&psc=1
Educart,Class  11,Class 11 Physics Question Bank,https://www.amazon.in/Educart-Physics-Question-Strictly-Syllabus/dp/9375162605/ref=sr_1_37_sspa?crid=2K5DMJL9LKSIO&dib=eyJ2IjoiMSJ9.pxNVVC7zUHGzBduFYkPRLRbSwyeFGjO2WEEj8Z9B_2Hk0Oxo1Vy-FMrp6OgCQHEwsLIstKlC35-YUsbtzJPqWlWG6rqjeuIKpL5Hg6GFrUTSJ41CdwPceRrUt_hqdxKDLAgecFeSCRk7ipkuUV4zJ7c1b4CEmJ-Q8gpTsGs2Ait2ZOKj4EZiKxMsM4mEc9ZqUF3aQobG43eYxaqu7J_-b8cgN0a_q4JhvPQqUrBYAMo.wIA3-obeYdUzFxfg1DUJADPEA5cKaN1x3gpC6khgV-c&dib_tag=se&keywords=class+11+question+bank+pw+physics&qid=1776411065&s=books&sprefix=class+11+question+bank+pw+physic%2Cstripbooks%2C368&sr=1-37-spons&xpid=R70AKdfOuenQi&aref=flnMWiPTyU&sp_csd=d2lkZ2V0TmFtZT1zcF9idGY&psc=1
Educart,Class 10,"CBSE Question Bank Class 10 Bundle - Science, Mathematics, Social Science and English ",https://www.amazon.in/Educart-CBSE-Question-Class-Bundle/dp/9375169537/ref=sr_1_3?crid=104553HBH69D3&dib=eyJ2IjoiMSJ9.KLgAr3MyFuV0ImnYvvQ83mYkzatC6Nhb0ukQoVBDxvic3OQf1v8v5m0qbz0pGrrKIwmajHtA8wWy80ZZYBQeEzp2yXM01I94TbVIb0uWBFgPiMRFvaVCnwRYYYHrFzWMakfIRnI1b2DsC6Zng0O0t2zmaZP0ztS_y4sgYuyQ83l7VoS7QlJ0ApAJQ9pJPYbt3XdHS7FR7VMk8ZveDVrXTXzQzVCt-tCD85aXLa_4Wno.PEtgtNXyazZzF4_KsewULao-_KGA89TdlaDoOrCvKCM&dib_tag=se&keywords=class+10+question+bank+educart&qid=1776411249&s=books&sprefix=class+1+question+bank+educart%2Cstripbooks%2C527&sr=1-3
Educart,Class 10,Class 10 Science Question Bank,https://www.amazon.in/Educart-Science-Question-2026-27-premium/dp/9375162206/ref=sr_1_4?crid=104553HBH69D3&dib=eyJ2IjoiMSJ9.KLgAr3MyFuV0ImnYvvQ83mYkzatC6Nhb0ukQoVBDxvic3OQf1v8v5m0qbz0pGrrKIwmajHtA8wWy80ZZYBQeEzp2yXM01I94TbVIb0uWBFgPiMRFvaVCnwRYYYHrFzWMakfIRnI1b2DsC6Zng0O0t2zmaZP0ztS_y4sgYuyQ83l7VoS7QlJ0ApAJQ9pJPYbt3XdHS7FR7VMk8ZveDVrXTXzQzVCt-tCD85aXLa_4Wno.PEtgtNXyazZzF4_KsewULao-_KGA89TdlaDoOrCvKCM&dib_tag=se&keywords=class+10+question+bank+educart&qid=1776411249&s=books&sprefix=class+1+question+bank+educart%2Cstripbooks%2C527&sr=1-4
Educart,Class 10, Class 10 Social Science Question ,https://www.amazon.in/Educart-Science-Question-2026-27-premium/dp/937516960X/ref=sr_1_5?crid=104553HBH69D3&dib=eyJ2IjoiMSJ9.KLgAr3MyFuV0ImnYvvQ83mYkzatC6Nhb0ukQoVBDxvic3OQf1v8v5m0qbz0pGrrKIwmajHtA8wWy80ZZYBQeEzp2yXM01I94TbVIb0uWBFgPiMRFvaVCnwRYYYHrFzWMakfIRnI1b2DsC6Zng0O0t2zmaZP0ztS_y4sgYuyQ83l7VoS7QlJ0ApAJQ9pJPYbt3XdHS7FR7VMk8ZveDVrXTXzQzVCt-tCD85aXLa_4Wno.PEtgtNXyazZzF4_KsewULao-_KGA89TdlaDoOrCvKCM&dib_tag=se&keywords=class+10+question+bank+educart&qid=1776411249&s=books&sprefix=class+1+question+bank+educart%2Cstripbooks%2C527&sr=1-5
Educart,Class 10,CBSE Class 10 Mathematics Question Bank,https://www.amazon.in/Educart-Class-Mathematics-Question-2026-27/dp/9375164004/ref=sr_1_6?crid=104553HBH69D3&dib=eyJ2IjoiMSJ9.KLgAr3MyFuV0ImnYvvQ83mYkzatC6Nhb0ukQoVBDxvic3OQf1v8v5m0qbz0pGrrKIwmajHtA8wWy80ZZYBQeEzp2yXM01I94TbVIb0uWBFgPiMRFvaVCnwRYYYHrFzWMakfIRnI1b2DsC6Zng0O0t2zmaZP0ztS_y4sgYuyQ83l7VoS7QlJ0ApAJQ9pJPYbt3XdHS7FR7VMk8ZveDVrXTXzQzVCt-tCD85aXLa_4Wno.PEtgtNXyazZzF4_KsewULao-_KGA89TdlaDoOrCvKCM&dib_tag=se&keywords=class+10+question+bank+educart&qid=1776411249&s=books&sprefix=class+1+question+bank+educart%2Cstripbooks%2C527&sr=1-6
Educart,Class 10,CBSE Class 10 English Question Bank,https://www.amazon.in/Educart-Class-English-Question-2026-27/dp/9375165167/ref=sr_1_8?crid=104553HBH69D3&dib=eyJ2IjoiMSJ9.KLgAr3MyFuV0ImnYvvQ83mYkzatC6Nhb0ukQoVBDxvic3OQf1v8v5m0qbz0pGrrKIwmajHtA8wWy80ZZYBQeEzp2yXM01I94TbVIb0uWBFgPiMRFvaVCnwRYYYHrFzWMakfIRnI1b2DsC6Zng0O0t2zmaZP0ztS_y4sgYuyQ83l7VoS7QlJ0ApAJQ9pJPYbt3XdHS7FR7VMk8ZveDVrXTXzQzVCt-tCD85aXLa_4Wno.PEtgtNXyazZzF4_KsewULao-_KGA89TdlaDoOrCvKCM&dib_tag=se&keywords=class+10+question+bank+educart&qid=1776411249&s=books&sprefix=class+1+question+bank+educart%2Cstripbooks%2C527&sr=1-8
Oswaal,Class 10,CBSE Question Bank English | Maths Standard | Science | Social Science (Set of 4 Books),https://www.amazon.in/Question-Standard-Chapterwise-Topicwise-Revision/dp/9377131340/ref=sr_1_3?crid=1ESX1GGKR5YIT&dib=eyJ2IjoiMSJ9.FZMJrlQb5PtuD8erYzcikjbJ8r1OpsVavpjMNRcEdbx1O4egafchn-OBLiAGJWOGkWZgJGzd7LtYgBi5nGUl865pFcoEb9GtJEST4YKwk1HyDs4MZ64J4XBChuIy2L7fq1bQybKSoZHr9mu_tSisDcsvNzcn6hYzLFftEBvDfMgzal8IE3vgLtr51Crep0Lkrp3OjB6QYpZqKbisjCrAcaE9Hh2qPfnMsUJPiH5wLxk.xKW2qs0Vn904dcVtJCQt-j5wwCuGfbsnXPRGPDZ7B9k&dib_tag=se&keywords=class+10+question+bank+oswaal&qid=1776412221&s=books&sprefix=class+10+question+bank+oswaa%2Cstripbooks%2C428&sr=1-3
Oswaal,Class 10,CBSE Class 10 Science Question Bank ,https://www.amazon.in/Science-Question-Topic-wise-2017-2026-Syllabus/dp/9373011189/ref=sr_1_4?crid=1ESX1GGKR5YIT&dib=eyJ2IjoiMSJ9.FZMJrlQb5PtuD8erYzcikjbJ8r1OpsVavpjMNRcEdbx1O4egafchn-OBLiAGJWOGkWZgJGzd7LtYgBi5nGUl865pFcoEb9GtJEST4YKwk1HyDs4MZ64J4XBChuIy2L7fq1bQybKSoZHr9mu_tSisDcsvNzcn6hYzLFftEBvDfMgzal8IE3vgLtr51Crep0Lkrp3OjB6QYpZqKbisjCrAcaE9Hh2qPfnMsUJPiH5wLxk.xKW2qs0Vn904dcVtJCQt-j5wwCuGfbsnXPRGPDZ7B9k&dib_tag=se&keywords=class+10+question+bank+oswaal&qid=1776412221&s=books&sprefix=class+10+question+bank+oswaa%2Cstripbooks%2C428&sr=1-4
Oswaal,Class 10,CBSE Class 10 Social Science Question Bank,https://www.amazon.in/Science-Question-Topic-wise-2017-2026-Syllabus/dp/9373013165/ref=sr_1_5?crid=1ESX1GGKR5YIT&dib=eyJ2IjoiMSJ9.FZMJrlQb5PtuD8erYzcikjbJ8r1OpsVavpjMNRcEdbx1O4egafchn-OBLiAGJWOGkWZgJGzd7LtYgBi5nGUl865pFcoEb9GtJEST4YKwk1HyDs4MZ64J4XBChuIy2L7fq1bQybKSoZHr9mu_tSisDcsvNzcn6hYzLFftEBvDfMgzal8IE3vgLtr51Crep0Lkrp3OjB6QYpZqKbisjCrAcaE9Hh2qPfnMsUJPiH5wLxk.xKW2qs0Vn904dcVtJCQt-j5wwCuGfbsnXPRGPDZ7B9k&dib_tag=se&keywords=class+10+question+bank+oswaal&qid=1776412221&s=books&sprefix=class+10+question+bank+oswaa%2Cstripbooks%2C428&sr=1-5
Oswaal,Class 10,Class 10 Maths (Standard) ,https://www.amazon.in/Mathematics-Standard-Question-Topic-wise-2017-2026/dp/9373014250/ref=sr_1_7?crid=1ESX1GGKR5YIT&dib=eyJ2IjoiMSJ9.FZMJrlQb5PtuD8erYzcikjbJ8r1OpsVavpjMNRcEdbx1O4egafchn-OBLiAGJWOGkWZgJGzd7LtYgBi5nGUl865pFcoEb9GtJEST4YKwk1HyDs4MZ64J4XBChuIy2L7fq1bQybKSoZHr9mu_tSisDcsvNzcn6hYzLFftEBvDfMgzal8IE3vgLtr51Crep0Lkrp3OjB6QYpZqKbisjCrAcaE9Hh2qPfnMsUJPiH5wLxk.xKW2qs0Vn904dcVtJCQt-j5wwCuGfbsnXPRGPDZ7B9k&dib_tag=se&keywords=class+10+question+bank+oswaal&qid=1776412221&s=books&sprefix=class+10+question+bank+oswaa%2Cstripbooks%2C428&sr=1-7
Oswaal,Class 10,Class 10 English Language & Literature,https://www.amazon.in/Language-Literature-Question-Topic-wise-2017-2026/dp/937301403X/ref=sr_1_8?crid=1ESX1GGKR5YIT&dib=eyJ2IjoiMSJ9.FZMJrlQb5PtuD8erYzcikjbJ8r1OpsVavpjMNRcEdbx1O4egafchn-OBLiAGJWOGkWZgJGzd7LtYgBi5nGUl865pFcoEb9GtJEST4YKwk1HyDs4MZ64J4XBChuIy2L7fq1bQybKSoZHr9mu_tSisDcsvNzcn6hYzLFftEBvDfMgzal8IE3vgLtr51Crep0Lkrp3OjB6QYpZqKbisjCrAcaE9Hh2qPfnMsUJPiH5wLxk.xKW2qs0Vn904dcVtJCQt-j5wwCuGfbsnXPRGPDZ7B9k&dib_tag=se&keywords=class+10+question+bank+oswaal&qid=1776412221&s=books&sprefix=class+10+question+bank+oswaa%2Cstripbooks%2C428&sr=1-8
Oswaal,Class 10,Class 10 Basic Maths,https://www.amazon.in/Mathematics-Question-Topic-wise-2017-2026-Syllabus/dp/9373011510/ref=sr_1_15?crid=1ESX1GGKR5YIT&dib=eyJ2IjoiMSJ9.FZMJrlQb5PtuD8erYzcikjbJ8r1OpsVavpjMNRcEdbx1O4egafchn-OBLiAGJWOGkWZgJGzd7LtYgBi5nGUl865pFcoEb9GtJEST4YKwk1HyDs4MZ64J4XBChuIy2L7fq1bQybKSoZHr9mu_tSisDcsvNzcn6hYzLFftEBvDfMgzal8IE3vgLtr51Crep0Lkrp3OjB6QYpZqKbisjCrAcaE9Hh2qPfnMsUJPiH5wLxk.xKW2qs0Vn904dcVtJCQt-j5wwCuGfbsnXPRGPDZ7B9k&dib_tag=se&keywords=class+10+question+bank+oswaal&qid=1776412221&s=books&sprefix=class+10+question+bank+oswaa%2Cstripbooks%2C428&sr=1-15
Oswaal,Class 11, Class 11 English Core Question Bank ,https://www.amazon.in/English-Question-Topic-wise-2017-2026-Syllabus/dp/9373018825/ref=sr_1_3?crid=1HZHHOPZGDUXC&dib=eyJ2IjoiMSJ9.026wO6bdrwmf2DaMbPA-tj8sH99mVsgSoysaY4Z4iq6xgS8McBIFkExL1woyVBOJgzbNUE5h-jUQTimkFQuFUWejmq48LiSXyzNgj8PcgNUnzEVkGnfTEDNEFWxp9h3K2WeIWbPDymumpmAHBP4075uxr0cRET3EhXOLEP0DVzPsbLrVxUEZ669uRy44-Citq-npQEeADcA9j9WwUnX9NTQzTuM1g1VtP5d0easqD6I.xrE-lQHtFaKM9qmcydBkA97AEl6mz8QUaI48iMO4CEA&dib_tag=se&keywords=class+11+question+bank+oswaal&qid=1776412392&s=books&sprefix=class+1+question+bank+oswaal%2Cstripbooks%2C388&sr=1-3
Oswaal,Class 11,CBSE Class 11 Mathematics Question Bank,https://www.amazon.in/Mathematics-Question-Topic-wise-2017-2026-Syllabus/dp/937301997X/ref=sr_1_4?crid=1HZHHOPZGDUXC&dib=eyJ2IjoiMSJ9.026wO6bdrwmf2DaMbPA-tj8sH99mVsgSoysaY4Z4iq6xgS8McBIFkExL1woyVBOJgzbNUE5h-jUQTimkFQuFUWejmq48LiSXyzNgj8PcgNUnzEVkGnfTEDNEFWxp9h3K2WeIWbPDymumpmAHBP4075uxr0cRET3EhXOLEP0DVzPsbLrVxUEZ669uRy44-Citq-npQEeADcA9j9WwUnX9NTQzTuM1g1VtP5d0easqD6I.xrE-lQHtFaKM9qmcydBkA97AEl6mz8QUaI48iMO4CEA&dib_tag=se&keywords=class+11+question+bank+oswaal&qid=1776412392&s=books&sprefix=class+1+question+bank+oswaal%2Cstripbooks%2C388&sr=1-4
Oswaal,Class 11,CBSE Class 11 Physics Question Bank ,https://www.amazon.in/Physics-Question-Topic-wise-2017-2026-Syllabus/dp/9373011677/ref=sr_1_5?crid=1HZHHOPZGDUXC&dib=eyJ2IjoiMSJ9.026wO6bdrwmf2DaMbPA-tj8sH99mVsgSoysaY4Z4iq6xgS8McBIFkExL1woyVBOJgzbNUE5h-jUQTimkFQuFUWejmq48LiSXyzNgj8PcgNUnzEVkGnfTEDNEFWxp9h3K2WeIWbPDymumpmAHBP4075uxr0cRET3EhXOLEP0DVzPsbLrVxUEZ669uRy44-Citq-npQEeADcA9j9WwUnX9NTQzTuM1g1VtP5d0easqD6I.xrE-lQHtFaKM9qmcydBkA97AEl6mz8QUaI48iMO4CEA&dib_tag=se&keywords=class+11+question+bank+oswaal&qid=1776412392&s=books&sprefix=class+1+question+bank+oswaal%2Cstripbooks%2C388&sr=1-5
Oswaal,Class 11,Class 11 Chemistry Question Bank,https://www.amazon.in/Chemistry-Question-Topic-wise-2017-2026-Syllabus/dp/9373017845/ref=sr_1_9?crid=1HZHHOPZGDUXC&dib=eyJ2IjoiMSJ9.026wO6bdrwmf2DaMbPA-tj8sH99mVsgSoysaY4Z4iq6xgS8McBIFkExL1woyVBOJgzbNUE5h-jUQTimkFQuFUWejmq48LiSXyzNgj8PcgNUnzEVkGnfTEDNEFWxp9h3K2WeIWbPDymumpmAHBP4075uxr0cRET3EhXOLEP0DVzPsbLrVxUEZ669uRy44-Citq-npQEeADcA9j9WwUnX9NTQzTuM1g1VtP5d0easqD6I.xrE-lQHtFaKM9qmcydBkA97AEl6mz8QUaI48iMO4CEA&dib_tag=se&keywords=class+11+question+bank+oswaal&qid=1776412392&s=books&sprefix=class+1+question+bank+oswaal%2Cstripbooks%2C388&sr=1-9
Oswaal,Class 11,"CBSE Question Bank (Set of 3 Books) Physics, Chemistry and Biology",https://www.amazon.in/Chemistry-Chapter-wise-Topic-wise-Competency-Comprehensive/dp/9377138647/ref=sr_1_10?crid=1HZHHOPZGDUXC&dib=eyJ2IjoiMSJ9.026wO6bdrwmf2DaMbPA-tj8sH99mVsgSoysaY4Z4iq6xgS8McBIFkExL1woyVBOJgzbNUE5h-jUQTimkFQuFUWejmq48LiSXyzNgj8PcgNUnzEVkGnfTEDNEFWxp9h3K2WeIWbPDymumpmAHBP4075uxr0cRET3EhXOLEP0DVzPsbLrVxUEZ669uRy44-Citq-npQEeADcA9j9WwUnX9NTQzTuM1g1VtP5d0easqD6I.xrE-lQHtFaKM9qmcydBkA97AEl6mz8QUaI48iMO4CEA&dib_tag=se&keywords=class+11+question+bank+oswaal&qid=1776412392&s=books&sprefix=class+1+question+bank+oswaal%2Cstripbooks%2C388&sr=1-10
Oswaal,Class 11,"CBSE Question Bank (Set of 4 Books) English Core, Physics, Chemistry and Biology ",https://www.amazon.in/Chemistry-Chapter-wise-Topic-wise-Competency-Comprehensive/dp/9377135079/ref=sr_1_13?crid=1HZHHOPZGDUXC&dib=eyJ2IjoiMSJ9.026wO6bdrwmf2DaMbPA-tj8sH99mVsgSoysaY4Z4iq6xgS8McBIFkExL1woyVBOJgzbNUE5h-jUQTimkFQuFUWejmq48LiSXyzNgj8PcgNUnzEVkGnfTEDNEFWxp9h3K2WeIWbPDymumpmAHBP4075uxr0cRET3EhXOLEP0DVzPsbLrVxUEZ669uRy44-Citq-npQEeADcA9j9WwUnX9NTQzTuM1g1VtP5d0easqD6I.xrE-lQHtFaKM9qmcydBkA97AEl6mz8QUaI48iMO4CEA&dib_tag=se&keywords=class+11+question+bank+oswaal&qid=1776412392&s=books&sprefix=class+1+question+bank+oswaal%2Cstripbooks%2C388&sr=1-13
Oswaal,Class 11,CBSE Class 11 Biology Question Bank,https://www.amazon.in/Biology-Question-Topic-wise-2017-2026-Syllabus/dp/9373019252/ref=sr_1_14?crid=1HZHHOPZGDUXC&dib=eyJ2IjoiMSJ9.026wO6bdrwmf2DaMbPA-tj8sH99mVsgSoysaY4Z4iq6xgS8McBIFkExL1woyVBOJgzbNUE5h-jUQTimkFQuFUWejmq48LiSXyzNgj8PcgNUnzEVkGnfTEDNEFWxp9h3K2WeIWbPDymumpmAHBP4075uxr0cRET3EhXOLEP0DVzPsbLrVxUEZ669uRy44-Citq-npQEeADcA9j9WwUnX9NTQzTuM1g1VtP5d0easqD6I.xrE-lQHtFaKM9qmcydBkA97AEl6mz8QUaI48iMO4CEA&dib_tag=se&keywords=class+11+question+bank+oswaal&qid=1776412392&s=books&sprefix=class+1+question+bank+oswaal%2Cstripbooks%2C388&sr=1-14
MTG,JEE,MTG JEE Main 7 Years (2025-2019) Chemistry,https://www.amazon.in/2025-2019-Chemistry-Shifts-Online-Previous/dp/9369570055/ref=sr_1_2_sspa?crid=3HP2D1IZSIL4P&dib=eyJ2IjoiMSJ9.QSA1_fSTB38qM9L3ukQ5RYL_2Z1CZqP_MaDT6KkTPbGkBM-8s3RNSFiwY1wP9V0fph97pNL-Nz0zLzL4Tg63GUB3udPUFGYUQ1EqbnFffZpa-OpHa_13KHZZaEsEjQL122nFXEuU-Su5_KI5DVdYZFPp0ba4rvBC1Egmfm96j02UfqWnjNJj3TeSMbyWU8OTKAt0kLP1mKWVfD-tIi-KItW7dHz0V6Zf03Zupb1uQmE.Rg9Tchas4LfIi8LjpWCKlk17vuI1KKbghJ_V-87xOHw&dib_tag=se&keywords=Jee+7+years&qid=1776417292&s=books&sprefix=jee+7+year%2Cstripbooks%2C415&sr=1-2-spons&aref=ubuEOSlJLc&sp_csd=d2lkZ2V0TmFtZT1zcF9hdGY&psc=1
MTG,JEE,"MTG JEE Main 7 Years (2025-2019) Physics, Chemistry & Mathematics ",https://www.amazon.in/2025-2019-Physics-Chemistry-Mathematics-Previous/dp/B0F5Q5S942/ref=sr_1_1_sspa?crid=3HP2D1IZSIL4P&dib=eyJ2IjoiMSJ9.QSA1_fSTB38qM9L3ukQ5RYL_2Z1CZqP_MaDT6KkTPbGkBM-8s3RNSFiwY1wP9V0fph97pNL-Nz0zLzL4Tg63GUB3udPUFGYUQ1EqbnFffZpa-OpHa_13KHZZaEsEjQL122nFXEuU-Su5_KI5DVdYZFPp0ba4rvBC1Egmfm96j02UfqWnjNJj3TeSMbyWU8OTKAt0kLP1mKWVfD-tIi-KItW7dHz0V6Zf03Zupb1uQmE.Rg9Tchas4LfIi8LjpWCKlk17vuI1KKbghJ_V-87xOHw&dib_tag=se&keywords=Jee+7+years&qid=1776417292&s=books&sprefix=jee+7+year%2Cstripbooks%2C415&sr=1-1-spons&aref=lDYt4JUxN7&sp_csd=d2lkZ2V0TmFtZT1zcF9hdGY&psc=1
MTG,JEE,MTG JEE Main 7 Years (2025-2019) Physics,https://www.amazon.in/2025-2019-Physics-Shifts-Online-Previous/dp/9369579915/ref=sr_1_13?crid=3HP2D1IZSIL4P&dib=eyJ2IjoiMSJ9.QSA1_fSTB38qM9L3ukQ5RYL_2Z1CZqP_MaDT6KkTPbGkBM-8s3RNSFiwY1wP9V0fph97pNL-Nz0zLzL4Tg63GUB3udPUFGYUQ1EqbnFffZpa-OpHa_13KHZZaEsEjQL122nFXEuU-Su5_KI5DVdYZFPp0ba4rvBC1Egmfm96j02UfqWnjNJj3TeSMbyWU8OTKAt0kLP1mKWVfD-tIi-KItW7dHz0V6Zf03Zupb1uQmE.Rg9Tchas4LfIi8LjpWCKlk17vuI1KKbghJ_V-87xOHw&dib_tag=se&keywords=Jee+7+years&qid=1776417292&s=books&sprefix=jee+7+year%2Cstripbooks%2C415&sr=1-13
MTG,JEE,MTG JEE Main 7 Years (2025-2019) Mathematics ,https://www.amazon.in/2025-2019-Mathematics-Shifts-Online-Previous/dp/9369575456/ref=sr_1_14?crid=3HP2D1IZSIL4P&dib=eyJ2IjoiMSJ9.QSA1_fSTB38qM9L3ukQ5RYL_2Z1CZqP_MaDT6KkTPbGkBM-8s3RNSFiwY1wP9V0fph97pNL-Nz0zLzL4Tg63GUB3udPUFGYUQ1EqbnFffZpa-OpHa_13KHZZaEsEjQL122nFXEuU-Su5_KI5DVdYZFPp0ba4rvBC1Egmfm96j02UfqWnjNJj3TeSMbyWU8OTKAt0kLP1mKWVfD-tIi-KItW7dHz0V6Zf03Zupb1uQmE.Rg9Tchas4LfIi8LjpWCKlk17vuI1KKbghJ_V-87xOHw&dib_tag=se&keywords=Jee+7+years&qid=1776417292&s=books&sprefix=jee+7+year%2Cstripbooks%2C415&sr=1-14
PW,JEE,"PW JEE Main 7 Years (2019 - 2025) Physics, Chemistry, Mathematics Combo Set of 3 Books",https://www.amazon.in/JEE-Main-Years-2019-Mathematics/dp/9368971773/ref=sr_1_3?crid=3HP2D1IZSIL4P&dib=eyJ2IjoiMSJ9.QSA1_fSTB38qM9L3ukQ5RYL_2Z1CZqP_MaDT6KkTPbGkBM-8s3RNSFiwY1wP9V0fph97pNL-Nz0zLzL4Tg63GUB3udPUFGYUQ1EqbnFffZpa-OpHa_13KHZZaEsEjQL122nFXEuU-Su5_KI5DVdYZFPp0ba4rvBC1Egmfm96j02UfqWnjNJj3TeSMbyWU8OTKAt0kLP1mKWVfD-tIi-KItW7dHz0V6Zf03Zupb1uQmE.Rg9Tchas4LfIi8LjpWCKlk17vuI1KKbghJ_V-87xOHw&dib_tag=se&keywords=Jee+7+years&qid=1776417292&s=books&sprefix=jee+7+year%2Cstripbooks%2C415&sr=1-3
PW,JEE,PW JEE Main 7 Years (2019 - 2025) Physics,https://www.amazon.in/JEE-Main-Years-2019-Chapterwise/dp/9368978212/ref=sr_1_4?crid=3HP2D1IZSIL4P&dib=eyJ2IjoiMSJ9.QSA1_fSTB38qM9L3ukQ5RYL_2Z1CZqP_MaDT6KkTPbGkBM-8s3RNSFiwY1wP9V0fph97pNL-Nz0zLzL4Tg63GUB3udPUFGYUQ1EqbnFffZpa-OpHa_13KHZZaEsEjQL122nFXEuU-Su5_KI5DVdYZFPp0ba4rvBC1Egmfm96j02UfqWnjNJj3TeSMbyWU8OTKAt0kLP1mKWVfD-tIi-KItW7dHz0V6Zf03Zupb1uQmE.Rg9Tchas4LfIi8LjpWCKlk17vuI1KKbghJ_V-87xOHw&dib_tag=se&keywords=Jee+7+years&qid=1776417292&s=books&sprefix=jee+7+year%2Cstripbooks%2C415&sr=1-4
PW,JEE,PW JEE Main 7 Years (2019 - 2025) Chemistry,https://www.amazon.in/JEE-Main-Years-2019-Chapterwise/dp/9368975817/ref=sr_1_5?crid=3HP2D1IZSIL4P&dib=eyJ2IjoiMSJ9.QSA1_fSTB38qM9L3ukQ5RYL_2Z1CZqP_MaDT6KkTPbGkBM-8s3RNSFiwY1wP9V0fph97pNL-Nz0zLzL4Tg63GUB3udPUFGYUQ1EqbnFffZpa-OpHa_13KHZZaEsEjQL122nFXEuU-Su5_KI5DVdYZFPp0ba4rvBC1Egmfm96j02UfqWnjNJj3TeSMbyWU8OTKAt0kLP1mKWVfD-tIi-KItW7dHz0V6Zf03Zupb1uQmE.Rg9Tchas4LfIi8LjpWCKlk17vuI1KKbghJ_V-87xOHw&dib_tag=se&keywords=Jee+7+years&qid=1776417292&s=books&sprefix=jee+7+year%2Cstripbooks%2C415&sr=1-5
PW,JEE,PW JEE Main 7 Years (2019 - 2025) Mathematics,https://www.amazon.in/JEE-Main-Years-2019-Mathematics/dp/9368970130/ref=sr_1_7?crid=3HP2D1IZSIL4P&dib=eyJ2IjoiMSJ9.QSA1_fSTB38qM9L3ukQ5RYL_2Z1CZqP_MaDT6KkTPbGkBM-8s3RNSFiwY1wP9V0fph97pNL-Nz0zLzL4Tg63GUB3udPUFGYUQ1EqbnFffZpa-OpHa_13KHZZaEsEjQL122nFXEuU-Su5_KI5DVdYZFPp0ba4rvBC1Egmfm96j02UfqWnjNJj3TeSMbyWU8OTKAt0kLP1mKWVfD-tIi-KItW7dHz0V6Zf03Zupb1uQmE.Rg9Tchas4LfIi8LjpWCKlk17vuI1KKbghJ_V-87xOHw&dib_tag=se&keywords=Jee+7+years&qid=1776417292&s=books&sprefix=jee+7+year%2Cstripbooks%2C415&sr=1-7
MTG,JEE,MTG 48 Years JEE Advanced (2025-1978) Chapter-wise Previous Years Solved Papers Physics Chemistry & Mathematics (Set of 3 Book),https://www.amazon.in/Advanced-2025-1978-Chapter-wise-Chemistry-Mathematics/dp/9369575014/ref=sr_1_1_sspa?crid=1JX5UIJBCUEK8&dib=eyJ2IjoiMSJ9.LyBlK4kamvgFIYtoGd_9ZrnfE5xIKIPmKMjf3vL_QDsKELDQTd0-il_f7A_Iz3QOhvVTdlzf7Fj_IyS8j-YPkhvMwEcnImtFwKkw9inummPD2BW-EoAgJKPgQUXTIz4tgNRmlZzEdluAfJgVOPu5JvMPQ-Dl98qvhR1HQZaBhLwmneko05yKw134SehuoLi2TmnSteu8YBT9iZHu2SRXoukWf4YAj64SXcOaW2mTfWY.1nlWDf4Nb3qe3hcoCsAq6MJfxig9kgIfxBUQqyRzwGM&dib_tag=se&keywords=Jee+48+years&qid=1776417586&s=books&sprefix=jee+48years%2Cstripbooks%2C364&sr=1-1-spons&aref=mVKS3qBvNc&sp_csd=d2lkZ2V0TmFtZT1zcF9hdGY&psc=1
MTG,JEE,MTG 48 Years JEE Advanced (2025-1978) Chapter-wise Previous Years Solved Question Papers Mathematics ,https://www.amazon.in/Advanced-2025-1978-Chapter-wise-Previous-Mathematics/dp/9369577467/ref=sr_1_17?crid=1JX5UIJBCUEK8&dib=eyJ2IjoiMSJ9.LyBlK4kamvgFIYtoGd_9ZrnfE5xIKIPmKMjf3vL_QDsKELDQTd0-il_f7A_Iz3QOhvVTdlzf7Fj_IyS8j-YPkhvMwEcnImtFwKkw9inummPD2BW-EoAgJKPgQUXTIz4tgNRmlZzEdluAfJgVOPu5JvMPQ-Dl98qvhR1HQZaBhLwmneko05yKw134SehuoLi2TmnSteu8YBT9iZHu2SRXoukWf4YAj64SXcOaW2mTfWY.1nlWDf4Nb3qe3hcoCsAq6MJfxig9kgIfxBUQqyRzwGM&dib_tag=se&keywords=Jee+48+years&qid=1776417586&s=books&sprefix=jee+48years%2Cstripbooks%2C364&sr=1-17
MTG,JEE,MTG 48 Years JEE Advanced (2025-1978) Chapter-wise Previous Years Solved Question Papers Chemistry Book ,https://www.amazon.in/Advanced-2025-1978-Chapter-wise-Previous-Chemistry/dp/9369578935/ref=pd_bxgy_d_sccl_1/257-6406484-6614235?pd_rd_w=fYgZ2&content-id=amzn1.sym.e933bed8-66b5-4e19-9aeb-b2834144fba3&pf_rd_p=e933bed8-66b5-4e19-9aeb-b2834144fba3&pf_rd_r=8ZY7RHHYKHJQW5V70FFF&pd_rd_wg=2wBs4&pd_rd_r=5af469ee-8fc5-4e98-8a08-6844e30c4bc1&pd_rd_i=9369578935&psc=1
MTG,JEE,MTG 48 Years JEE Advanced (2025-1978) Chapter-wise Previous Years Solved Question Papers Physics ,https://www.amazon.in/Advanced-2025-1978-Chapter-wise-Previous-Question/dp/9369570756/ref=pd_bxgy_d_sccl_2/257-6406484-6614235?pd_rd_w=1fwz3&content-id=amzn1.sym.e933bed8-66b5-4e19-9aeb-b2834144fba3&pf_rd_p=e933bed8-66b5-4e19-9aeb-b2834144fba3&pf_rd_r=PHXSPCNQCR6YZBM9ZDJS&pd_rd_wg=LGOEw&pd_rd_r=3e812b10-f1c6-4c7f-8e1a-61398e34caf3&pd_rd_i=9369570756&psc=1
PW,JEE,"PW JEE Advanced PYQ Book 48 Years (1978–2025) – Physics, Chemistry, Mathematics Combo Set of 3 ",https://www.amazon.in/Chemistry-Mathematics-Chapterwise-Topicwise-1978-2025/dp/9368974624/ref=sr_1_3?crid=1JX5UIJBCUEK8&dib=eyJ2IjoiMSJ9.LyBlK4kamvgFIYtoGd_9ZrnfE5xIKIPmKMjf3vL_QDsKELDQTd0-il_f7A_Iz3QOhvVTdlzf7Fj_IyS8j-YPkhvMwEcnImtFwKkw9inummPD2BW-EoAgJKPgQUXTIz4tgNRmlZzEdluAfJgVOPu5JvMPQ-Dl98qvhR1HQZaBhLwmneko05yKw134SehuoLi2TmnSteu8YBT9iZHu2SRXoukWf4YAj64SXcOaW2mTfWY.1nlWDf4Nb3qe3hcoCsAq6MJfxig9kgIfxBUQqyRzwGM&dib_tag=se&keywords=Jee+48+years&qid=1776417586&s=books&sprefix=jee+48years%2Cstripbooks%2C364&sr=1-3
PW,JEE,PW 48 Years JEE Advanced Physics,https://www.amazon.in/Chapterwise-Topicwise-1978-2025-Solutions-Questions/dp/9368977933/ref=sr_1_8?crid=1JX5UIJBCUEK8&dib=eyJ2IjoiMSJ9.LyBlK4kamvgFIYtoGd_9ZrnfE5xIKIPmKMjf3vL_QDsKELDQTd0-il_f7A_Iz3QOhvVTdlzf7Fj_IyS8j-YPkhvMwEcnImtFwKkw9inummPD2BW-EoAgJKPgQUXTIz4tgNRmlZzEdluAfJgVOPu5JvMPQ-Dl98qvhR1HQZaBhLwmneko05yKw134SehuoLi2TmnSteu8YBT9iZHu2SRXoukWf4YAj64SXcOaW2mTfWY.1nlWDf4Nb3qe3hcoCsAq6MJfxig9kgIfxBUQqyRzwGM&dib_tag=se&keywords=Jee+48+years&qid=1776417586&s=books&sprefix=jee+48years%2Cstripbooks%2C364&sr=1-8
PW,JEE,PW 48 Years JEE Advanced Chemistry,https://www.amazon.in/Chemistry-Chapterwise-Topicwise-1978-2025-Solutions/dp/9368978018/ref=sr_1_13?crid=1JX5UIJBCUEK8&dib=eyJ2IjoiMSJ9.LyBlK4kamvgFIYtoGd_9ZrnfE5xIKIPmKMjf3vL_QDsKELDQTd0-il_f7A_Iz3QOhvVTdlzf7Fj_IyS8j-YPkhvMwEcnImtFwKkw9inummPD2BW-EoAgJKPgQUXTIz4tgNRmlZzEdluAfJgVOPu5JvMPQ-Dl98qvhR1HQZaBhLwmneko05yKw134SehuoLi2TmnSteu8YBT9iZHu2SRXoukWf4YAj64SXcOaW2mTfWY.1nlWDf4Nb3qe3hcoCsAq6MJfxig9kgIfxBUQqyRzwGM&dib_tag=se&keywords=Jee+48+years&qid=1776417586&s=books&sprefix=jee+48years%2Cstripbooks%2C364&sr=1-13
PW,JEE,PW 48 Years JEE Advanced Mathematics ,https://www.amazon.in/Mathematics-Chapterwise-Topicwise-1978-2025-Solutions/dp/9368972141/ref=sr_1_14?crid=1JX5UIJBCUEK8&dib=eyJ2IjoiMSJ9.LyBlK4kamvgFIYtoGd_9ZrnfE5xIKIPmKMjf3vL_QDsKELDQTd0-il_f7A_Iz3QOhvVTdlzf7Fj_IyS8j-YPkhvMwEcnImtFwKkw9inummPD2BW-EoAgJKPgQUXTIz4tgNRmlZzEdluAfJgVOPu5JvMPQ-Dl98qvhR1HQZaBhLwmneko05yKw134SehuoLi2TmnSteu8YBT9iZHu2SRXoukWf4YAj64SXcOaW2mTfWY.1nlWDf4Nb3qe3hcoCsAq6MJfxig9kgIfxBUQqyRzwGM&dib_tag=se&keywords=Jee+48+years&qid=1776417586&s=books&sprefix=jee+48years%2Cstripbooks%2C364&sr=1-14
MTG,NEET,"MTG 38 Years NEET Previous Year Solved Question Papers Physics, Chemistry & Biology",https://www.amazon.in/Chemistry-Chapterwise-Topicwise-Solutions-2025-2026/dp/9369579885/ref=sr_1_1_sspa?crid=1YRUZKHD0MI3N&dib=eyJ2IjoiMSJ9.h84scBsFw9sWpHu7gpxQJskLc8wcRns5pwliBfAY0Zr2Yoqav7vVsrHvHyMESTgAH-Up_BhmzAzNgCnYMsE-rhO7ToWC3n2tf4OP3XOKwQtLXqGSOlRHN18Y5RrRA5tSb8zuvhnQBS7OsdprXLTnY38yVSr11kxTn241R4Xx0uBFtMnKXvobbm8ucb-1tsYn74W0swI5N0cXrzRmformW28Q_kGCW2GqiEoqs5WlZ30.imMAMfGQ_qjjrrt5Vkz1pAp7D1DAp-RvEyaZSG-yJqA&dib_tag=se&keywords=NEET+38+years&qid=1776417803&s=books&sprefix=neet+38+yea%2Cstripbooks%2C370&sr=1-1-spons&aref=rGEINIuA55&sp_csd=d2lkZ2V0TmFtZT1zcF9hdGY&psc=1
MTG,NEET,MTG 38 Years NEET Previous Year Solved Question Papers Biology ,https://www.amazon.in/Previous-Chapterwise-Topicwise-Solutions-2025-2026/dp/936957364X/ref=sr_1_2_sspa?crid=1YRUZKHD0MI3N&dib=eyJ2IjoiMSJ9.h84scBsFw9sWpHu7gpxQJskLc8wcRns5pwliBfAY0Zr2Yoqav7vVsrHvHyMESTgAH-Up_BhmzAzNgCnYMsE-rhO7ToWC3n2tf4OP3XOKwQtLXqGSOlRHN18Y5RrRA5tSb8zuvhnQBS7OsdprXLTnY38yVSr11kxTn241R4Xx0uBFtMnKXvobbm8ucb-1tsYn74W0swI5N0cXrzRmformW28Q_kGCW2GqiEoqs5WlZ30.imMAMfGQ_qjjrrt5Vkz1pAp7D1DAp-RvEyaZSG-yJqA&dib_tag=se&keywords=NEET+38+years&qid=1776417803&s=books&sprefix=neet+38+yea%2Cstripbooks%2C370&sr=1-2-spons&aref=QgNgj9BuqH&sp_csd=d2lkZ2V0TmFtZT1zcF9hdGY&psc=1
MTG,NEET,MTG 38 Years NEET Previous Year Solved Question Papers Chemistry ,https://www.amazon.in/Chemistry-Chapterwise-Topicwise-Solutions-2025-2026/dp/936957669X/ref=sr_1_6?crid=1YRUZKHD0MI3N&dib=eyJ2IjoiMSJ9.h84scBsFw9sWpHu7gpxQJskLc8wcRns5pwliBfAY0Zr2Yoqav7vVsrHvHyMESTgAH-Up_BhmzAzNgCnYMsE-rhO7ToWC3n2tf4OP3XOKwQtLXqGSOlRHN18Y5RrRA5tSb8zuvhnQBS7OsdprXLTnY38yVSr11kxTn241R4Xx0uBFtMnKXvobbm8ucb-1tsYn74W0swI5N0cXrzRmformW28Q_kGCW2GqiEoqs5WlZ30.imMAMfGQ_qjjrrt5Vkz1pAp7D1DAp-RvEyaZSG-yJqA&dib_tag=se&keywords=NEET+38+years&qid=1776417803&s=books&sprefix=neet+38+yea%2Cstripbooks%2C370&sr=1-6
MTG,NEET,MTG 38 Years NEET Previous Year Solved Question Papers Physics ,https://www.amazon.in/Previous-Chapterwise-Topicwise-Solutions-2025-2026/dp/9369577130/ref=sr_1_9?crid=1YRUZKHD0MI3N&dib=eyJ2IjoiMSJ9.h84scBsFw9sWpHu7gpxQJskLc8wcRns5pwliBfAY0Zr2Yoqav7vVsrHvHyMESTgAH-Up_BhmzAzNgCnYMsE-rhO7ToWC3n2tf4OP3XOKwQtLXqGSOlRHN18Y5RrRA5tSb8zuvhnQBS7OsdprXLTnY38yVSr11kxTn241R4Xx0uBFtMnKXvobbm8ucb-1tsYn74W0swI5N0cXrzRmformW28Q_kGCW2GqiEoqs5WlZ30.imMAMfGQ_qjjrrt5Vkz1pAp7D1DAp-RvEyaZSG-yJqA&dib_tag=se&keywords=NEET+38+years&qid=1776417803&s=books&sprefix=neet+38+yea%2Cstripbooks%2C370&sr=1-9
PW,NEET,"PW 38 Years NEET Previous Year Solved Question Papers Physics, Chemistry and Biology PYQ Combo Set of 3",https://www.amazon.in/Previous-Question-Physics-Chemistry-Biology/dp/9368976104/ref=sr_1_3?crid=1YRUZKHD0MI3N&dib=eyJ2IjoiMSJ9.h84scBsFw9sWpHu7gpxQJskLc8wcRns5pwliBfAY0Zr2Yoqav7vVsrHvHyMESTgAH-Up_BhmzAzNgCnYMsE-rhO7ToWC3n2tf4OP3XOKwQtLXqGSOlRHN18Y5RrRA5tSb8zuvhnQBS7OsdprXLTnY38yVSr11kxTn241R4Xx0uBFtMnKXvobbm8ucb-1tsYn74W0swI5N0cXrzRmformW28Q_kGCW2GqiEoqs5WlZ30.imMAMfGQ_qjjrrt5Vkz1pAp7D1DAp-RvEyaZSG-yJqA&dib_tag=se&keywords=NEET+38+years&qid=1776417803&s=books&sprefix=neet+38+yea%2Cstripbooks%2C370&sr=1-3
PW,NEET,PW 38 Years NEET Previous Year Solved Question Papers Biology,https://www.amazon.in/Previous-Solved-Question-Papers-Biology/dp/9368973628/ref=sr_1_7?crid=1YRUZKHD0MI3N&dib=eyJ2IjoiMSJ9.h84scBsFw9sWpHu7gpxQJskLc8wcRns5pwliBfAY0Zr2Yoqav7vVsrHvHyMESTgAH-Up_BhmzAzNgCnYMsE-rhO7ToWC3n2tf4OP3XOKwQtLXqGSOlRHN18Y5RrRA5tSb8zuvhnQBS7OsdprXLTnY38yVSr11kxTn241R4Xx0uBFtMnKXvobbm8ucb-1tsYn74W0swI5N0cXrzRmformW28Q_kGCW2GqiEoqs5WlZ30.imMAMfGQ_qjjrrt5Vkz1pAp7D1DAp-RvEyaZSG-yJqA&dib_tag=se&keywords=NEET+38+years&qid=1776417803&s=books&sprefix=neet+38+yea%2Cstripbooks%2C370&sr=1-7
PW,NEET,PW 38 Years NEET Previous Year Solved Question Papers Chemistry,https://www.amazon.in/Previous-Solved-Question-Papers-Chemistry/dp/9368970459/ref=sr_1_10?crid=1YRUZKHD0MI3N&dib=eyJ2IjoiMSJ9.h84scBsFw9sWpHu7gpxQJskLc8wcRns5pwliBfAY0Zr2Yoqav7vVsrHvHyMESTgAH-Up_BhmzAzNgCnYMsE-rhO7ToWC3n2tf4OP3XOKwQtLXqGSOlRHN18Y5RrRA5tSb8zuvhnQBS7OsdprXLTnY38yVSr11kxTn241R4Xx0uBFtMnKXvobbm8ucb-1tsYn74W0swI5N0cXrzRmformW28Q_kGCW2GqiEoqs5WlZ30.imMAMfGQ_qjjrrt5Vkz1pAp7D1DAp-RvEyaZSG-yJqA&dib_tag=se&keywords=NEET+38+years&qid=1776417803&s=books&sprefix=neet+38+yea%2Cstripbooks%2C370&sr=1-10
PW,NEET,PW 38 Years NEET Previous Year Solved Question Papers Physics,https://www.amazon.in/Previous-Solved-Question-Papers-Physics/dp/9368979448/ref=sr_1_13?crid=1YRUZKHD0MI3N&dib=eyJ2IjoiMSJ9.h84scBsFw9sWpHu7gpxQJskLc8wcRns5pwliBfAY0Zr2Yoqav7vVsrHvHyMESTgAH-Up_BhmzAzNgCnYMsE-rhO7ToWC3n2tf4OP3XOKwQtLXqGSOlRHN18Y5RrRA5tSb8zuvhnQBS7OsdprXLTnY38yVSr11kxTn241R4Xx0uBFtMnKXvobbm8ucb-1tsYn74W0swI5N0cXrzRmformW28Q_kGCW2GqiEoqs5WlZ30.imMAMfGQ_qjjrrt5Vkz1pAp7D1DAp-RvEyaZSG-yJqA&dib_tag=se&keywords=NEET+38+years&qid=1776417803&s=books&sprefix=neet+38+yea%2Cstripbooks%2C370&sr=1-13
MTG,NEET,MTG Objective NCERT at your FINGERTIPS Biology,https://www.amazon.in/Objective-NCERT-FINGERTIPS-Biology-2025-2026/dp/9369574700/ref=sr_1_1_sspa?crid=1LJMJJEN4JH10&dib=eyJ2IjoiMSJ9.3VM3ztSOlr_4XFL-ETCHXxgDTp3YX-H4bTnBrLqwRxHqvWkg7w3dc-_YspMagyA_4qjVNfHYr1brPtu0yFyfPcoqD0xd-IRTcZfkxDmY48tMbJ7xTE5MdudZSz2P8vLIdt0qMg9Z0LE8hUihhZs96IBAQj2PolE-pD1h2MVsIx0MWXG3WsZ3ko33WKrpd9zq4fCNWBLLq6PlhvxFECKtRjqsZfv270samlwvA5Tiyn0.ihDqnFf59GFEpxQvxDyLLOa5vvKjc7X3ouGPNxWVtFc&dib_tag=se&keywords=ncert+neet+books&qid=1776418001&s=books&sprefix=ncert+neet+boo%2Cstripbooks%2C391&sr=1-1-spons&aref=86Ss9Bkc8p&sp_csd=d2lkZ2V0TmFtZT1zcF9hdGY&psc=1
MTG,NEET,"MTG Objective NCERT at your FINGERTIPS Physics, Chemistry & Biology For 2025-2026 Exam (Set of 3)",https://www.amazon.in/Objective-FINGERTIPS-Physics-Chemistry-2025-2026/dp/9369577106/ref=sr_1_2_sspa?crid=1LJMJJEN4JH10&dib=eyJ2IjoiMSJ9.3VM3ztSOlr_4XFL-ETCHXxgDTp3YX-H4bTnBrLqwRxHqvWkg7w3dc-_YspMagyA_4qjVNfHYr1brPtu0yFyfPcoqD0xd-IRTcZfkxDmY48tMbJ7xTE5MdudZSz2P8vLIdt0qMg9Z0LE8hUihhZs96IBAQj2PolE-pD1h2MVsIx0MWXG3WsZ3ko33WKrpd9zq4fCNWBLLq6PlhvxFECKtRjqsZfv270samlwvA5Tiyn0.ihDqnFf59GFEpxQvxDyLLOa5vvKjc7X3ouGPNxWVtFc&dib_tag=se&keywords=ncert+neet+books&qid=1776418001&s=books&sprefix=ncert+neet+boo%2Cstripbooks%2C391&sr=1-2-spons&aref=mr8QdVQGuY&sp_csd=d2lkZ2V0TmFtZT1zcF9hdGY&psc=1
MTG,NEET,MTG Objective NCERT at your FINGERTIPS Chemistry,https://www.amazon.in/Objective-NCERT-FINGERTIPS-Chemistry-2025-2026/dp/9369572856/ref=sr_1_15?crid=1LJMJJEN4JH10&dib=eyJ2IjoiMSJ9.3VM3ztSOlr_4XFL-ETCHXxgDTp3YX-H4bTnBrLqwRxHqvWkg7w3dc-_YspMagyA_4qjVNfHYr1brPtu0yFyfPcoqD0xd-IRTcZfkxDmY48tMbJ7xTE5MdudZSz2P8vLIdt0qMg9Z0LE8hUihhZs96IBAQj2PolE-pD1h2MVsIx0MWXG3WsZ3ko33WKrpd9zq4fCNWBLLq6PlhvxFECKtRjqsZfv270samlwvA5Tiyn0.ihDqnFf59GFEpxQvxDyLLOa5vvKjc7X3ouGPNxWVtFc&dib_tag=se&keywords=ncert+neet+books&qid=1776418001&s=books&sprefix=ncert+neet+boo%2Cstripbooks%2C391&sr=1-15
MTG,NEET,MTG Objective NCERT at your FINGERTIPS Physics ,https://www.amazon.in/Objective-NCERT-FINGERTIPS-Physics-2025-2026/dp/9369570381/ref=sr_1_7?crid=2J4TSADWCBLTD&dib=eyJ2IjoiMSJ9.V5nf96R3kpdHRdgsQ_3s3g8SPPgZOVlEE2I3mqimIKf5Gdut0GtAYcclPgbt5qWltDQezBdgaOma0aTNDn0JrUcZvhsNNfUWUjeX_kWilfc6uIDtKt-ncVKSb02KO2qhWb2tCfQnzG2E25Oc7lEChU3m54MkcqUKfbsMGxlRuzHnGxXyz4CCOA51XXtmBx1zybjtoTFWPeP6P3QlfLe4ueUAi3viXoM_mcXsM-cSe_w.LFxM3oRpPX-oXpcWGfmG2SXi_7nKD05GgN1TcQUPnVc&dib_tag=se&keywords=ncert+fingertips&qid=1776418319&s=books&sprefix=ncert+fingerti%2Cstripbooks%2C370&sr=1-7
PW,NEET,"PW Objective NCERT Punch 4.0 Physics, Chemistry and Biology Combo Set of 3 Books F",https://www.amazon.in/Objective-Physics-Chemistry-Intensive-Sijairya/dp/9368979243/ref=sr_1_7?crid=1LJMJJEN4JH10&dib=eyJ2IjoiMSJ9.3VM3ztSOlr_4XFL-ETCHXxgDTp3YX-H4bTnBrLqwRxHqvWkg7w3dc-_YspMagyA_4qjVNfHYr1brPtu0yFyfPcoqD0xd-IRTcZfkxDmY48tMbJ7xTE5MdudZSz2P8vLIdt0qMg9Z0LE8hUihhZs96IBAQj2PolE-pD1h2MVsIx0MWXG3WsZ3ko33WKrpd9zq4fCNWBLLq6PlhvxFECKtRjqsZfv270samlwvA5Tiyn0.ihDqnFf59GFEpxQvxDyLLOa5vvKjc7X3ouGPNxWVtFc&dib_tag=se&keywords=ncert+neet+books&qid=1776418001&s=books&sprefix=ncert+neet+boo%2Cstripbooks%2C391&sr=1-7
PW,NEET,PW Objective NCERT Punch 4.0 Biology,https://www.amazon.in/Objective-Biology-Updated-Intensive-Paperback/dp/9368978123/ref=sr_1_10?crid=1LJMJJEN4JH10&dib=eyJ2IjoiMSJ9.3VM3ztSOlr_4XFL-ETCHXxgDTp3YX-H4bTnBrLqwRxHqvWkg7w3dc-_YspMagyA_4qjVNfHYr1brPtu0yFyfPcoqD0xd-IRTcZfkxDmY48tMbJ7xTE5MdudZSz2P8vLIdt0qMg9Z0LE8hUihhZs96IBAQj2PolE-pD1h2MVsIx0MWXG3WsZ3ko33WKrpd9zq4fCNWBLLq6PlhvxFECKtRjqsZfv270samlwvA5Tiyn0.ihDqnFf59GFEpxQvxDyLLOa5vvKjc7X3ouGPNxWVtFc&dib_tag=se&keywords=ncert+neet+books&qid=1776418001&s=books&sprefix=ncert+neet+boo%2Cstripbooks%2C391&sr=1-10
PW,NEET,PW Objective NCERT Punch 4.0 Chemistry,https://www.amazon.in/Objective-Chemistry-Sijairya-Intensive-Paperback/dp/9368978506/ref=sr_1_5?crid=32O2GXRVDH62I&dib=eyJ2IjoiMSJ9.NIBvAgAMKpS1y6M2veOSALXpr42WAL0i04AJZYili6J1IxJ6gXIQV-XC_XVw3hzqpJYVJdlqNI4AwNSlDCWgSBZu_a3JMq1M3Jw12Pk2XD9BFk8uy5pAy5vk6YD7RtK4lwCvPYbgJXQ75WbEW0Wakf18WTx6hotl5lgzPvvGGTLm03k3vQE22ilEJOop1mZbfafbtSTTD7pSWYA56JJPVnzNjASJAXEKJ4Vwy0q_OSk.Pz6IgvG-UMQcasDlo9zm-rBLaP8aEV-dHC6j0fHkgoA&dib_tag=se&keywords=ncert+punch&qid=1776418185&s=books&sprefix=ncert+punch%2Cstripbooks%2C363&sr=1-5
PW,NEET,PW Objective NCERT Punch 4.0 Physics,https://www.amazon.in/Objective-Physics-Updated-Intensive-Paperback/dp/9368974721/ref=sr_1_6?crid=32O2GXRVDH62I&dib=eyJ2IjoiMSJ9.NIBvAgAMKpS1y6M2veOSALXpr42WAL0i04AJZYili6J1IxJ6gXIQV-XC_XVw3hzqpJYVJdlqNI4AwNSlDCWgSBZu_a3JMq1M3Jw12Pk2XD9BFk8uy5pAy5vk6YD7RtK4lwCvPYbgJXQ75WbEW0Wakf18WTx6hotl5lgzPvvGGTLm03k3vQE22ilEJOop1mZbfafbtSTTD7pSWYA56JJPVnzNjASJAXEKJ4Vwy0q_OSk.Pz6IgvG-UMQcasDlo9zm-rBLaP8aEV-dHC6j0fHkgoA&dib_tag=se&keywords=ncert+punch&qid=1776418185&s=books&sprefix=ncert+punch%2Cstripbooks%2C363&sr=1-6